{
    "LogisticRegression": {
        "No": {
            "precision": 0.8378378378378378,
            "recall": 1.0,
            "f1-score": 0.9117647058823529,
            "support": 248.0
        },
        "Yes": {
            "precision": 0.0,
            "recall": 0.0,
            "f1-score": 0.0,
            "support": 48.0
        },
        "accuracy": 0.8378378378378378,
        "macro avg": {
            "precision": 0.4189189189189189,
            "recall": 0.5,
            "f1-score": 0.45588235294117646,
            "support": 296.0
        },
        "weighted avg": {
            "precision": 0.701972242512783,
            "recall": 0.8378378378378378,
            "f1-score": 0.7639109697933227,
            "support": 296.0
        }
    },
    "KNeighborsClassifier": {
        "No": {
            "precision": 0.8357142857142857,
            "recall": 0.9435483870967742,
            "f1-score": 0.8863636363636364,
            "support": 248.0
        },
        "Yes": {
            "precision": 0.125,
            "recall": 0.041666666666666664,
            "f1-score": 0.0625,
            "support": 48.0
        },
        "accuracy": 0.7972972972972973,
        "macro avg": {
            "precision": 0.48035714285714287,
            "recall": 0.49260752688172044,
            "f1-score": 0.4744318181818182,
            "support": 296.0
        },
        "weighted avg": {
            "precision": 0.7204633204633205,
            "recall": 0.7972972972972973,
            "f1-score": 0.7527641277641277,
            "support": 296.0
        }
    },
    "SVC": {
        "No": {
            "precision": 0.8378378378378378,
            "recall": 1.0,
            "f1-score": 0.9117647058823529,
            "support": 248.0
        },
        "Yes": {
            "precision": 0.0,
            "recall": 0.0,
            "f1-score": 0.0,
            "support": 48.0
        },
        "accuracy": 0.8378378378378378,
        "macro avg": {
            "precision": 0.4189189189189189,
            "recall": 0.5,
            "f1-score": 0.45588235294117646,
            "support": 296.0
        },
        "weighted avg": {
            "precision": 0.701972242512783,
            "recall": 0.8378378378378378,
            "f1-score": 0.7639109697933227,
            "support": 296.0
        }
    },
    "DecisionTreeClassifier": {
        "No": {
            "precision": 0.871900826446281,
            "recall": 0.8508064516129032,
            "f1-score": 0.8612244897959184,
            "support": 248.0
        },
        "Yes": {
            "precision": 0.3148148148148148,
            "recall": 0.3541666666666667,
            "f1-score": 0.3333333333333333,
            "support": 48.0
        },
        "accuracy": 0.7702702702702703,
        "macro avg": {
            "precision": 0.5933578206305479,
            "recall": 0.602486559139785,
            "f1-score": 0.5972789115646259,
            "support": 296.0
        },
        "weighted avg": {
            "precision": 0.781562554289827,
            "recall": 0.7702702702702703,
            "f1-score": 0.7756205184776613,
            "support": 296.0
        }
    },
    "RandomForestClassifier": {
        "No": {
            "precision": 0.8561151079136691,
            "recall": 0.9596774193548387,
            "f1-score": 0.9049429657794676,
            "support": 248.0
        },
        "Yes": {
            "precision": 0.4444444444444444,
            "recall": 0.16666666666666666,
            "f1-score": 0.24242424242424243,
            "support": 48.0
        },
        "accuracy": 0.831081081081081,
        "macro avg": {
            "precision": 0.6502797761790567,
            "recall": 0.5631720430107527,
            "f1-score": 0.573683604101855,
            "support": 296.0
        },
        "weighted avg": {
            "precision": 0.7893577030267678,
            "recall": 0.831081081081081,
            "f1-score": 0.7975074971272689,
            "support": 296.0
        }
    },
    "GradientBoostingClassifier": {
        "No": {
            "precision": 0.8671586715867159,
            "recall": 0.9475806451612904,
            "f1-score": 0.905587668593449,
            "support": 248.0
        },
        "Yes": {
            "precision": 0.48,
            "recall": 0.25,
            "f1-score": 0.3287671232876712,
            "support": 48.0
        },
        "accuracy": 0.8344594594594594,
        "macro avg": {
            "precision": 0.6735793357933579,
            "recall": 0.5987903225806452,
            "f1-score": 0.6171773959405601,
            "support": 296.0
        },
        "weighted avg": {
            "precision": 0.8043761843023836,
            "recall": 0.8344594594594594,
            "f1-score": 0.8120492017871067,
            "support": 296.0
        }
    },
    "AdaBoostClassifier": {
        "No": {
            "precision": 0.8601398601398601,
            "recall": 0.9919354838709677,
            "f1-score": 0.9213483146067416,
            "support": 248.0
        },
        "Yes": {
            "precision": 0.8,
            "recall": 0.16666666666666666,
            "f1-score": 0.27586206896551724,
            "support": 48.0
        },
        "accuracy": 0.8581081081081081,
        "macro avg": {
            "precision": 0.8300699300699301,
            "recall": 0.5793010752688172,
            "f1-score": 0.5986051917861295,
            "support": 296.0
        },
        "weighted avg": {
            "precision": 0.8503874503874503,
            "recall": 0.8581081081081081,
            "f1-score": 0.8166748693676241,
            "support": 296.0
        }
    },
    "GaussianNB": {
        "No": {
            "precision": 0.8785714285714286,
            "recall": 0.9919354838709677,
            "f1-score": 0.9318181818181818,
            "support": 248.0
        },
        "Yes": {
            "precision": 0.875,
            "recall": 0.2916666666666667,
            "f1-score": 0.4375,
            "support": 48.0
        },
        "accuracy": 0.8783783783783784,
        "macro avg": {
            "precision": 0.8767857142857143,
            "recall": 0.6418010752688172,
            "f1-score": 0.6846590909090908,
            "support": 296.0
        },
        "weighted avg": {
            "precision": 0.8779922779922779,
            "recall": 0.8783783783783784,
            "f1-score": 0.8516584766584766,
            "support": 296.0
        }
    },
    "LinearDiscriminantAnalysis": {
        "No": {
            "precision": 0.8601398601398601,
            "recall": 0.9919354838709677,
            "f1-score": 0.9213483146067416,
            "support": 248.0
        },
        "Yes": {
            "precision": 0.8,
            "recall": 0.16666666666666666,
            "f1-score": 0.27586206896551724,
            "support": 48.0
        },
        "accuracy": 0.8581081081081081,
        "macro avg": {
            "precision": 0.8300699300699301,
            "recall": 0.5793010752688172,
            "f1-score": 0.5986051917861295,
            "support": 296.0
        },
        "weighted avg": {
            "precision": 0.8503874503874503,
            "recall": 0.8581081081081081,
            "f1-score": 0.8166748693676241,
            "support": 296.0
        }
    },
    "MLPClassifier": {
        "No": {
            "precision": 0.8395904436860068,
            "recall": 0.9919354838709677,
            "f1-score": 0.9094269870609981,
            "support": 248.0
        },
        "Yes": {
            "precision": 0.3333333333333333,
            "recall": 0.020833333333333332,
            "f1-score": 0.0392156862745098,
            "support": 48.0
        },
        "accuracy": 0.8344594594594594,
        "macro avg": {
            "precision": 0.5864618885096701,
            "recall": 0.5063844086021505,
            "f1-score": 0.47432133666775395,
            "support": 296.0
        },